Name,Album,Artist,Spotify Link
Kadhal Yen Kadhal,Mayakkam Enna,G. V. Prakash,https://open.spotify.com/track/5pV61B6b5kcy1ysaPL8iON
Naan Un,24 (Original Motion Picture Soundtrack),A.R. Rahman,https://open.spotify.com/track/3V2ricb6fi4OCJu2rjhL1A
Seramal Ponal,Gulaebaghavali (Original Motion Picture Soundtrack),Vivek - Mervin,https://open.spotify.com/track/0FTPiuMAGuvXVjeXh7g8ot
Chinna Thamarai,Vettaikaaran (Original Motion Picture Soundtrack),Vijay Antony,https://open.spotify.com/track/0Ul2NGGDAybeXWU0RLnv83
Orasaadha - Madras Gig,Orasaadha (Madras Gig),Vivek - Mervin,https://open.spotify.com/track/7fec0UcxeHVe6kHIez2GSs
Ey Sandakaara,Irudhi Suttru,Santhosh Narayanan,https://open.spotify.com/track/2UwM1cFgYjQ4U1ntbu6vKl
Kalasala Kalasala,Osthe (Original Motion Picture Soundtrack),Thaman S,https://open.spotify.com/track/2PcgMmmhIZA83kwIYEjR8f
Nalla Nanban,Nanban (Original Motion Picture Soundtrack),Harris Jayaraj,https://open.spotify.com/track/3fwcv1Wd0Ry35gvWiELG0e
Chalmaar,Chalmaar (From Devi),Sajid-Wajid,https://open.spotify.com/track/36ZHaZcuMJafQbLKshj28u
"Ullaallaa - From ""Petta""",Petta (Original Motion Picture Soundtrack),Anirudh Ravichander,https://open.spotify.com/track/2LLZkWMReCWhgTrHuRh6dV
Kutty Pattas,Kutty Pattas,Santhosh Dhayanidhi,https://open.spotify.com/track/7AHKnQ6XB5l7GL4pTJWLZn
"Thaai Kelavi (From ""Thiruchitrambalam"")","Thaai Kelavi (From ""Thiruchitrambalam"")",Dhanush,https://open.spotify.com/track/1pean7zvZUqcWZaUucH63f
Mallipoo,Vendhu Thanindhathu Kaadu (Original Motion Picture Soundtrack),A.R. Rahman,https://open.spotify.com/track/3i7qScF9Oyp31O9bAutJez
Kaalathukkum Nee Venum,Vendhu Thanindhathu Kaadu (Original Motion Picture Soundtrack),A.R. Rahman,https://open.spotify.com/track/0aQLKZl2mXdJHpxDteJdNo
"Thenmozhi (From ""Thiruchitrambalam"")","Thenmozhi (From ""Thiruchitrambalam"")",Santhosh Narayanan,https://open.spotify.com/track/1Nr46gjiP50uPsz30gYhAd
"Megham Karukatha (From ""Thiruchitrambalam"")","Megham Karukatha (From ""Thiruchitrambalam"")",Anirudh Ravichander,https://open.spotify.com/track/6TQS7URegxmcb8tTNpoXzi
"Arabic Kuthu - Halamithi Habibo (From ""Beast"")","Arabic Kuthu - Halamithi Habibo (From ""Beast"")",Anirudh Ravichander,https://open.spotify.com/track/6yvxu91deFKt3X1QoV6qMv
Marakkuma Nenjam,Vendhu Thanindhathu Kaadu (Original Motion Picture Soundtrack),A.R. Rahman,https://open.spotify.com/track/6WAfYZXIKo2ufmQZQR9L8E
"Mayakkama Kalakkama (From ""Thiruchitrambalam"")","Mayakkama Kalakkama (From ""Thiruchitrambalam"")",Dhanush,https://open.spotify.com/track/2kOH2QZB7F7I1iVXqwKuBF
"Jolly O Gymkhana (From ""Beast"")","Jolly O Gymkhana (From ""Beast"")",Anirudh Ravichander,https://open.spotify.com/track/6lpbzOMBOYHRsp6WEMvRvn
Vikram - Title Track,Vikram (Original Motion Picture Soundtrack),Anirudh Ravichander,https://open.spotify.com/track/6FQQiTpYnfc5803p84bQp1
"Pathala Pathala (From ""Vikram"")","Pathala Pathala (From ""Vikram"")",Anirudh Ravichander,https://open.spotify.com/track/5WWplXimzIjlJiN2N7T9Q3
"Two Two Two (From ""Kaathuvaakula Rendu Kaadhal"")","Two Two Two (From ""Kaathuvaakula Rendu Kaadhal"")",Anirudh Ravichander,https://open.spotify.com/track/6C8JJFoGC4dkVtAHVK3iif
"Tum Tum (From ""Enemy"")","Tum Tum (From ""Enemy - Tamil"")",Various Artists,https://open.spotify.com/track/3H3x4NhR3wJh6IvRHmPvkd
"Chellamma (From ""Doctor"")","Chellamma (From ""Doctor"")",Anirudh Ravichander,https://open.spotify.com/track/0fGclndst25Qqy8j4u5De5
Saami Saami,Pushpa - The Rise,Devi Sri Prasad,https://open.spotify.com/track/397k2vS0xPDxKKVXV46KtV
"Master the Blaster (From ""Master"")","Master the Blaster (From ""Master"")",Anirudh Ravichander,https://open.spotify.com/track/2cVJDlu9jmkPUeuJxA6v8i
"Rakita Rakita Rakita (From ""Jagame Thandhiram"")","Rakita Rakita Rakita (From ""Jagame Thandhiram"")",Santhosh Narayanan,https://open.spotify.com/track/2oNRoniEFnPdaCfkOQ9m0C
Mangalyam,Eeswaran (Original Motion Picture Soundtrack),Thaman S,https://open.spotify.com/track/7n5Jcqw85WSfJHrMXsk5N2
"Life of Pazham (From ""Thiruchitrambalam"")","Life of Pazham (From ""Thiruchitrambalam"")",Anirudh Ravichander,https://open.spotify.com/track/6A6mDExVoAEJmc5JyVSQeK
"Private Party (From ""Don"")","Private Party (From ""Don"")",Anirudh Ravichander,https://open.spotify.com/track/6eYsOcDdB5b6rTO5ubMxeV
My Twin Brother,24 (Original Motion Picture Soundtrack),A.R. Rahman,https://open.spotify.com/track/6wrQeyE2Ae4sCbXril0NAS
Kaalam Yen Kadhali,24 (Original Motion Picture Soundtrack),A.R. Rahman,https://open.spotify.com/track/6KLZitsE2b7gcQZNT7YKlQ
Mei Nigara,24 (Original Motion Picture Soundtrack),A.R. Rahman,https://open.spotify.com/track/5LqT9B52dzjMBqeS48n9hQ
Punnagaye,24 (Original Motion Picture Soundtrack),A.R. Rahman,https://open.spotify.com/track/3zP8lswrBttP0XmKuvyrHA
Yaar Azhaippadhu,Maara (Original Motion Picture Soundtrack),Ghibran,https://open.spotify.com/track/2ZqzELrxZZyeTPSR7GZBH4
Ennodu Nee Irundhaal,I (Original Motion Picture Soundtrack),A.R. Rahman,https://open.spotify.com/track/7mLEUzAulFygMchoGMrP8E
Mersalaayitten,I (Original Motion Picture Soundtrack),A.R. Rahman,https://open.spotify.com/track/78R4fDeRrcoBIxL6uX4TnJ
Ladio,I (Original Motion Picture Soundtrack),A.R. Rahman,https://open.spotify.com/track/1LlFJKCWj1G9mK0lBiYLk2
"Ponni Nadhi (From ""Ponniyin Selvan Part -1"") - Tamil","Ponni Nadhi (From ""Ponniyin Selvan Part -1"") [Original Motion Picture Soundtrack]",A.R. Rahman,https://open.spotify.com/track/1uJ2czshFLqimctgvsxfv2
Neduvaali,Osthe (Original Motion Picture Soundtrack),Thaman S,https://open.spotify.com/track/5iSOpapekvq4U7GjNNhOeD
Osthe Maamey,Osthe (Original Motion Picture Soundtrack),Thaman S,https://open.spotify.com/track/6aVnn31aSEfl6YZAJoyxKq
En Frienda Pola,Nanban (Original Motion Picture Soundtrack),Harris Jayaraj,https://open.spotify.com/track/1TgVIOdcdsPx1sXyVE6aDz
Heartiley Battery,Nanban (Original Motion Picture Soundtrack),Harris Jayaraj,https://open.spotify.com/track/3hLDNoLv73lNLSjmyjDyuS
"Ennai Vittu (From ""Love Today"")","Ennai Vittu (From ""Love Today"")",Yuvan Shankar Raja,https://open.spotify.com/track/3LP4QpKptfe2yEC7oG5iNa
"Jai Sulthan - From ""Sulthan""","Jai Sulthan (From ""Sulthan"")",Vivek - Mervin,https://open.spotify.com/track/7crGzxRqI5pMZAjZgF9uu2
Hey Singari,Hey Singari,Arul Raj,https://open.spotify.com/track/5gwIXB335XKUb6tMlGepQv
,,Various Artists,https://open.spotify.com/track/7H7ktpLPBvpJ0A2pwUy4hB
Lolita,Engeyum Kadhal (Original Motion Picture Soundtrack),Harris Jayaraj,https://open.spotify.com/track/7uQlCXY5sxeyETkHZvTo0v
Engeyum Kaadhal,Engeyum Kadhal (Original Motion Picture Soundtrack),Harris Jayaraj,https://open.spotify.com/track/1XscMS790b4g5GmCnnO8HX
Nangaai,Engeyum Kadhal (Original Motion Picture Soundtrack),Harris Jayaraj,https://open.spotify.com/track/0T6z2mf5tb3kv208JXgPj9
Mazhai Kuruvi,Mazhai Kuruvi,A.R. Rahman,https://open.spotify.com/track/74IE3QmRR07So8TE0320Oa
Mazhai Vara Pogudhae,Yennai Arindhaal (Original Motion Picture Soundtrack),Harris Jayaraj,https://open.spotify.com/track/5ich0wSxDxMryEjwZo6XzG
Pala Pala,Ayan,Harris Jayaraj,https://open.spotify.com/track/6Pb8yzyD30gPhVLnZUEiZG
Machi Open the Bottle,Mankatha (Original Motion Picture Soundtrack),Yuvan Shankar Raja,https://open.spotify.com/track/6YcBBZVKYYRirfeAt6BeGA
Vilayaadu Mankatha,Mankatha (Original Motion Picture Soundtrack),Yuvan Shankar Raja,https://open.spotify.com/track/5HlKYvZ7iVQN3tcNSny6TN
Un Mela Aasadhaan,Aayirathil Oruvan (Original Motion Picture Soundtrack),G. V. Prakash,https://open.spotify.com/track/322xF47eamMLy7tFWtJHzF
Oh...Ho...Sanam,Dhasavathaaram-Tamil,Various Artists,https://open.spotify.com/track/5hYmazOzOj3U7bjdID55ku
The Life of Ram,96 (Original Motion Picture Soundtrack),Govind Vasantha,https://open.spotify.com/track/3hXX5v2JaVqDR3aeQcPAU9
Thodu Vaanam,Anegan (Original Motion Picture Soundtrack),Harris Jayaraj,https://open.spotify.com/track/4HDzsx1dJKbuL0YkffBuBm
Theemai Dhaan Vellum - Awakening the Monster,Thani Oruvan (Original Motion Picture Soundtrack),Hiphop Tamizha,https://open.spotify.com/track/3F7IiHst8X2KXwu4oBkywY
"Shoot the Kuruvi - From ""Jil Jung Juk""","Shoot the Kuruvi (From ""Jil Jung Juk"")",Vishal Chandrashekhar,https://open.spotify.com/track/79Xx6GiPfwG3AjdtzGTSXt
"Udhungada Sangu (From ""Velai Illa Pattadhaari"")",Velai Illa Pattadhaari (Original Motion Picture Soundtrack),Anirudh Ravichander,https://open.spotify.com/track/4ClGSEMFkurgnJV1JULiyP
Voda Voda Voda,Mayakkam Enna,G. V. Prakash,https://open.spotify.com/track/15C4q7G41cgBApe7hinKc3
Aathi,Kaththi (Original Motion Picture Soundtrack),Anirudh Ravichander,https://open.spotify.com/track/6wKu6jqzVtxikYztRUWkoS
Pakkam Vanthu,Kaththi (Original Motion Picture Soundtrack),Anirudh Ravichander,https://open.spotify.com/track/65usiCnRUHhBgd1CIlwGf5
Oh Super Nova,Ayan,Harris Jayaraj,https://open.spotify.com/track/23jwsNJe8YZkQcb4nXKP1E
"Boomi Enna Suthudhe (From ""Ethir Neechal"")",Bromance: Anirudh Ravichander & Sivakarthikeyan,Anirudh Ravichander,https://open.spotify.com/track/3oWdVmZSm0mNlD8Cn5X4BK
"Ethir Neechal (From ""Ethir Neechal"")",Bromance: Anirudh Ravichander & Sivakarthikeyan,Anirudh Ravichander,https://open.spotify.com/track/3KrKkY581OwameSpuutY6H
"Kadhalikathey - From ""Imaikkaa Nodigal""","Kadhalikathey (From ""Imaikkaa Nodigal"")",Hiphop Tamizha,https://open.spotify.com/track/6ih9ThoCJLA9pObWGfHQF2
Excuse Me,Kanthaswamy (Original Motion Picture Soundtrack),Devi Sri Prasad,https://open.spotify.com/track/4lGIy8N9aPgfUf04oFH2GS
Mambo Maamiya,Kanthaswamy (Original Motion Picture Soundtrack),Devi Sri Prasad,https://open.spotify.com/track/3BAfp34TibXB9bxHe4rsff
Idhellan Dupe,Kanthaswamy (Original Motion Picture Soundtrack),Devi Sri Prasad,https://open.spotify.com/track/2DhQjRRHlsLnxupIEsQhn5
Allegro,Kanthaswamy (Original Motion Picture Soundtrack),Devi Sri Prasad,https://open.spotify.com/track/6lINfLttHSl6Q0uGyCFVsw
Meow Meow,Kanthaswamy (Original Motion Picture Soundtrack),Devi Sri Prasad,https://open.spotify.com/track/77kgnVe6XPwiZPIA9cLMGx
En Peeru Meenakumari,Kanthaswamy (Original Motion Picture Soundtrack),Devi Sri Prasad,https://open.spotify.com/track/2ylshHMbSFJ2CavXuc8rtN
Poongatre Poongatre,Paiya (Original Motion Picture Soundtrack),Yuvan Shankar Raja,https://open.spotify.com/track/2cbRVHdH6ab9sPsnQjFRx6
Thuli Thuli,Paiya (Original Motion Picture Soundtrack),Yuvan Shankar Raja,https://open.spotify.com/track/2uqXfUERVBLa1heEoUTBlO
Bang Bang Bang,Anjaan (Original Motion Picture Soundtrack),Yuvan Shankar Raja,https://open.spotify.com/track/3ZVKzrWt3efdPVLmiYdr6M
Ussumu Laresey,Uthama Puthiran (Original Motion Picture Soundtrack),Vijay Antony,https://open.spotify.com/track/2qolr6PKNLXvjp4JTtglSf
Mascara,Salim,Various Artists,https://open.spotify.com/track/3HRaPAkrok0SwsmvtQAQ8U
Naakka Mukka,Kadhalil Vizhundhen,Vijay Antony,https://open.spotify.com/track/6aUstpsARWZwKY7x2wKvtI
Sakkarakatti,Meesaya Murukku (Original Motion Picture Soundtrack),Hiphop Tamizha,https://open.spotify.com/track/1PaxAUxLEVpi75l0nDtwu1
Kuru Kuru,Vathikuchi,Various Artists,https://open.spotify.com/track/5CfFp0Hdpj4m6DLAQWMA5F
Pachchai Vanna,Vai Raja Vai (Original Motion Picture Soundtrack),Yuvan Shankar Raja,https://open.spotify.com/track/4HBDcyTmazbfvNchzmKTC1
Hi Sonna Pothum,Comali (Original Motion Picture Soundtrack),Hiphop Tamizha,https://open.spotify.com/track/2YRVd8cvSqT2Zta5TGTPRF
Adiyae Azhagae,Oru Naal Koothu (Original Motion Picture Soundtrack),Justin Prabhakaran,https://open.spotify.com/track/1nIMRpxCoLzdwvlWG2o7zK
Sandalee,Sema (Original Motion Picture Soundtrack),G. V. Prakash,https://open.spotify.com/track/75sjXeV1gvbSUhptK16P9u
Aathi,Kaththi (Original Motion Picture Soundtrack),Various Artists,https://open.spotify.com/track/0KSyqMfLSkElsnT25mQc2i
"Nanbiye - From ""Teddy""","Nanbiye (From ""Teddy"")",Anirudh Ravichander,https://open.spotify.com/track/1AdLxSuPIZRsIp7IM743dE
Kadhaippoma,Oh My Kadavule (Original Motion Picture Soundtrack),Leon James,https://open.spotify.com/track/2CZGdpVV9OU1TslQMvovj5
High On Love,"High On Love (From ""Pyaar Prema Kaadhal"" Original Motion Picture Soundtrack)",Yuvan Shankar Raja,https://open.spotify.com/track/6kekHWEQ4SyMe5EjYAlveP
Google Google,Thuppakki (Original Motion Picture Soundtrack),Harris Jayaraj,https://open.spotify.com/track/2AIxrjoVCWUPe0n1vTDJhv
Kadhal Cricket - Love (Not Out),Thani Oruvan (Original Motion Picture Soundtrack),Hiphop Tamizha,https://open.spotify.com/track/2M8ic65G0VLkS6nEY53Uex
Oxygen,Kavan (Original Motion Picture Soundtrack),Hiphop Tamizha,https://open.spotify.com/track/4mDf0LNDfzT8w7S2nfix3m
Saarattu Vandiyila,Kaatru Veliyidai (Original Motion Picture Soundtrack),A.R. Rahman,https://open.spotify.com/track/42ON67EVCaJpihkP2U38n7
Dandanakka,Romeo Juliet (Original Motion Picture Soundtrack),D. Imman,https://open.spotify.com/track/7HWiw6fOuuaiu6Rfycl2MK
Adiyae Ivalaey,Romeo Juliet (Original Motion Picture Soundtrack),D. Imman,https://open.spotify.com/track/2qWtVodJgQ6HtLgNuAK8Nb
Thoovaanam,Romeo Juliet (Original Motion Picture Soundtrack),D. Imman,https://open.spotify.com/track/0249Wjt2twxjF96oTWgnkr
Aaniyae Pudunga Venandaa,Wagah (Original Motion Picture Soundtrack),D. Imman,https://open.spotify.com/track/20NRs4e7jVSOONAN9HDjw2
