Name,Album,Artist,Spotify Link
Nee Jathaga,Yevadu,Devi Sri Prasad,https://open.spotify.com/track/3XMGDq4wLX489HfqSS0NAI
Mustafa Mustafa,Prema Desam,A.R. Rahman,https://open.spotify.com/track/0XHI7qFNeVsVZ9dQE48W64
College Style,Prema Desam,A.R. Rahman,https://open.spotify.com/track/1JEa1ld00kF2UM17rM4aR4
Vintunnavaa,Yemaaya Chesave (Original Motion Picture Soundtrack),A.R. Rahman,https://open.spotify.com/track/4Ua5t8kTLSnVKWV2NK2xiN
"Hrudayam Ekkadunnadi - From ""Ghajini""",Harris Jayaraj: Telugu Musical Hits,Harris Jayaraj,https://open.spotify.com/track/4WLuXsT3IsOp93zt0yB6IS
Endhuko Emo,Rangam (Original Motion Picture Soundtrack),Harris Jayaraj,https://open.spotify.com/track/4G4Mqe5vRu81zEawCupKPk
Ee Hridayam,Yemaaya Chesave (Original Motion Picture Soundtrack),A.R. Rahman,https://open.spotify.com/track/7wFL4hNlhotHNU6qZi9bHR
"Manassa - From ""Munna""",Harris Jayaraj: Telugu Musical Hits,Harris Jayaraj,https://open.spotify.com/track/77fwEvNpeGpfHCMCFQl63h
Aaraduguluntada,Seethamma Vakitlo Sirimalle Chettu (Original Motion Picture Soundtrack),Mickey J. Meyer,https://open.spotify.com/track/00jud6Bym8hDiyDSj4o6wW
Neeve,Darling (Original Motion Picture Soundtrack),G. V. Prakash,https://open.spotify.com/track/4QMZ6gwFTLk9qOhaQsGIxf
"Neeti Mullai (Bit Song) - From ""Varsham""",Music Blast: Devi Sri Prasad & Sagar - Telugu Hits,Devi Sri Prasad,https://open.spotify.com/track/4pxPd7SomT3LWezl93Hu4A
Manassa,Munna (Original Motion Picture Soundtrack),Harris Jayaraj,https://open.spotify.com/track/3Ew9wEfTVs5JwEQEbVl1Wn
Cheliya Cheliya,Gharshana (Original Motion Picture Soundtrack),Harris Jayaraj,https://open.spotify.com/track/1B2fcbdNnUqeHTUvQRE4JB
Feel My Love,Aarya (Original Motion Picture Soundtrack),Devi Sri Prasad,https://open.spotify.com/track/4YcKmpEywbTE0mtK2Ircrk
Preminche Premava,Nuvvu Nenu Prema (Original Motion Picture Soundtrack),A.R. Rahman,https://open.spotify.com/track/1u3yYNoj9MRudKZhl60mtv
"Cheppave Chirugali - From ""Okkadu""",Udit Narayan - Telugu Hits,Udit Narayan,https://open.spotify.com/track/1ERqAWaAhH9cH0nPU1szbZ
Ammaye,Kushi (Original Motion Picture Soundtrack),Mani Sharma,https://open.spotify.com/track/5Dk2ITjG1X3rlQxGiaC9Gp
Inthalo Ennenni Vinthalo - Male Version,Karthikeya (Original Motion Picture Soundtrack),Shekar Chandra,https://open.spotify.com/track/5Xl56pCcQFPIF7uOk6OMkc
"Ale Ale - From ""Boys""",A. R. Rahman: Telugu Super Hit Melodies,A.R. Rahman,https://open.spotify.com/track/5VIodDDNpHJE7FEh3ArITy
Monna Kanipinchavu,Surya S/o Krishnan (Original Motion Picture Soundtrack),Harris Jayaraj,https://open.spotify.com/track/4rc1WGmRJ2CsHXTmrBu3gH
Jatha Kalise,Srimanthudu (Original Motion Picture Soundtrack),Devi Sri Prasad,https://open.spotify.com/track/28YZ6l90wi0FmSQbbVEkYR
"Endhuko Emo - From ""Rangam""",Harris Jayaraj: Telugu Musical Hits,Harris Jayaraj,https://open.spotify.com/track/0IcyyZsBMT973cdtrKQUBk
Uppenantha,Aarya - 2 (Original Motion Picture Soundtrack),Devi Sri Prasad,https://open.spotify.com/track/57zEYntUat0ofbFpoicN26
Kallumoosi,Majnu,Gopi Sundar,https://open.spotify.com/track/55uVx1s7InHUFdyw3iDJny
Gusa Gusa Lade,Gentleman (Original Motion Picture Soundtrack),Mani Sharma,https://open.spotify.com/track/1W5Ap5w2SFAKuxebIU2CAN
Neevalle Neevalle,Neevalle Neevalle (Original Motion Picture Soundtrack),Harris Jayaraj,https://open.spotify.com/track/69xZZ9U9q0P3FnT9PCQQgk
Evare,Premam (Original Motion Picture Soundtrack),Rajesh Murugesan,https://open.spotify.com/track/1iFaQCrMLiIc234y7LNaNo
Telusaa Telusaa,Sarrainodu,Thaman S,https://open.spotify.com/track/1jz0PUb4rChtZUk4Itn1Co
Yenti Yenti,Geetha Govindam (Original Motion Picture Soundtrack),Gopi Sundar,https://open.spotify.com/track/4KOG5lRsY1Ja55bids06vB
"Inkem Inkem Inkem Kaavaale - From ""Geetha Govindam""","Inkem Inkem Inkem Kaavaale (From ""Geetha Govindam"")",Gopi Sundar,https://open.spotify.com/track/5YMBmxKfzxs4jwwrb8FLcy
Oosupodu,Fidaa (Original Motion Picture Soundtrack),Shakthikanth Karthick,https://open.spotify.com/track/1T0Zzm3hIT08RMFyCpaX6Z
"Maate Vinadhuga - From ""Taxiwaala""","Maate Vinadhuga (From ""Taxiwaala"")",Sid Sriram,https://open.spotify.com/track/3edo3q894PZFxsbDqqsm6r
Pillaa Raa,RX 100 (Original Motion Picture Soundtrack),Chaitan Bharadwaj,https://open.spotify.com/track/47hP2BJPCOMyYKT5WQ9evZ
Adiga Adiga,Ninnu Kori (Original Motion Picture Soundtrack),Gopi Sundar,https://open.spotify.com/track/2LTgKIErzHLjtQjIEkGrU5
"Evare - From ""Premam""","Evare (From ""Premam"")",Rajesh Murugesan,https://open.spotify.com/track/73d7SbDApRjQviIulYOH8S
Crazy Feeling,Nenu Sailaja (Original Motion PIcture Soundtrack),Devi Sri Prasad,https://open.spotify.com/track/6CtrkXMad3ZtmYiOtKfI0t
Panchadaara,Magadheera (Original Motion Picture Soundtrack),M. M. Keeravani,https://open.spotify.com/track/3FpdmKCrR2UFNHvWpmw75R
Rowdy Baby,Rowdy Baby (From 'Maari 2' (Telugu)),Yuvan Shankar Raja,https://open.spotify.com/track/2PNF3C5EhT9Asa7XdEi18F
Inkem Inkem Inkem Kaavaale,Geetha Govindam (Original Motion Picture Soundtrack),Gopi Sundar,https://open.spotify.com/track/7uUugUpLi9js1AwUusoZ1h
Nee Navvu,Antham,M. M. Keeravani,https://open.spotify.com/track/7CsbXGvx9d27jAc6jSF4RG
Kammani,Guna,Ilaiyaraaja,https://open.spotify.com/track/6pOgSsYAmQHlpz9yFRbIJE
Chilakamma,Dalapathi,Ilaiyaraaja,https://open.spotify.com/track/73E7pkOdg1n9LqV1C1Zw1o
Singarala,Dalapathi,Ilaiyaraaja,https://open.spotify.com/track/6D7qZFYHS3L81jcAfEz0ob
Chiku Buku Raile,Gentleman,A.R. Rahman,https://open.spotify.com/track/6Iv9XZhzV7ayQxdpZuoybH
Kanulu Kanulanu,Donga Donga (Original Motion Picture Soundtrack),A.R. Rahman,https://open.spotify.com/track/6FmYS51UpvVfARkh6okAgE
Veera Bobbili Kotalo,Donga Donga (Original Motion Picture Soundtrack),A.R. Rahman,https://open.spotify.com/track/7DzGHdAzR6RSXRMH2YAQHx
Kotta Bangaru Lokam,Donga Donga (Original Motion Picture Soundtrack),A.R. Rahman,https://open.spotify.com/track/6YPNHvJX43MzGkwd7Z8B8v
Ee Velalo Neevu,Gulabi,Shashi Preetam,https://open.spotify.com/track/4CYSPPTOOQcjg8OHbJsFiH
Beat In My Heart,Gulabi,Shashi Preetam,https://open.spotify.com/track/0LMvYrD1JpHavQcyRoSaqZ
Dream Girl,Gulabi,Shashi Preetam,https://open.spotify.com/track/2n0SXvTNi7a8u76Dgn8VxY
Ee Rojaithey Chusanu,Gulabi,Shashi Preetam,https://open.spotify.com/track/5oc5zncQWEQxNuNK4HyDdT
Andamaina Premarani,Premikudu,A.R. Rahman,https://open.spotify.com/track/5XJBYtJWgfwk18RTamYnCZ
O Cheliya,Premikudu,A.R. Rahman,https://open.spotify.com/track/6QreIcgO4nIJ4cCtRmotg6
Urvashi Urvashi,Premikudu,A.R. Rahman,https://open.spotify.com/track/67uJogpIBq6BcNrIJaRSNN
Alupannadi,Gayam,Sri,https://open.spotify.com/track/6RnalZcp3Dpad8MVEg8D2I
Andalalo,Jagadekaveerudu Athiloka Sundari,Ilaiyaraaja,https://open.spotify.com/track/4ADmVZKScgWTaBfP0k77eA
Andhama Andhuma,Govinda Govinda,Raj-Koti,https://open.spotify.com/track/6wfvttks8elZeW0h1IeAfp
Priya Priyathama,Killer,Ilaiyaraaja,https://open.spotify.com/track/3QyicuTmZEWO1hU3c3QbW6
Ukkiri Bikkiri,Killer,Ilaiyaraaja,https://open.spotify.com/track/3QvHfZzofGl0xo055ku4gg
Nee Tholisariga,Santhosham,R. P. Patnaik,https://open.spotify.com/track/4mIOdOh49kfRSZBwvylulK
Yeto Vellipoyindi,Ninne Pelladatha,Sandeep Chowta,https://open.spotify.com/track/0pFU6YAwMxz6w4z51oMUI3
Naaloney Pongaynu,Surya S/o Krishnan (Original Motion Picture Soundtrack),Harris Jayaraj,https://open.spotify.com/track/2bageubuN1HjNZwTNlyh0v
Nenu Nuvvantu,Orange,Harris Jayaraj,https://open.spotify.com/track/0X0Y2AnYuIdn9arB8P6EB4
Bommanu Geesthey,Bommarillu,Devi Sri Prasad,https://open.spotify.com/track/3WkFzi4WS4PeJhHMn2Zbnl
Preminche Premava,Nuvvu Nenu Prema,A.R. Rahman,https://open.spotify.com/track/1FtRJTH2uCemK3N2qUOb3U
Swaasye,Yemaaya Chesave (Original Motion Picture Soundtrack),A.R. Rahman,https://open.spotify.com/track/3wLSkMlEznZFqKioZUdXva
"Ee Raathale (From ""Radhe Shyam"")","Ee Raathale (From ""Radhe Shyam"")",Yuvan Shankar Raja,https://open.spotify.com/track/50RcuWjfUcoJfWMNegXF0b
Leharaayi,Most Eligible Bachelor,Gopi Sundar,https://open.spotify.com/track/0pCXbJ3lbtinCZnwg1CYDC
Padi Padi Leche,Padi Padi Leche Manasu,Vishal Chandrashekhar,https://open.spotify.com/track/7tXaDnRF8OVbcecl0KurVn
Emai Poyave,Padi Padi Leche Manasu,Vishal Chandrashekhar,https://open.spotify.com/track/14M1StehpwsydSGGy8z9eq
Kallolam,Padi Padi Leche Manasu,Vishal Chandrashekhar,https://open.spotify.com/track/0yC6tx8cpkHSa5H2PW2xpR
"Adiga Adiga - From ""Ninnu Kori""","Adiga Adiga (From ""Ninnu Kori"")",Gopi Sundar,https://open.spotify.com/track/2ChLs6LH0Kc6h2f7WI2l0w
Undiporaadhey,Hushaaru,Radhan,https://open.spotify.com/track/6jUscicoyUljrPOdQCfhnd
Priyathama Priyathama,Majili,Gopi Sundar,https://open.spotify.com/track/4wHZiaLsuI9aQdWv4f3Esd
O Cheliya,Premikudu (Original Motion Picture Soundtrack),A.R. Rahman,https://open.spotify.com/track/3pYrfcnW0yQhEkJfdZcy8Q
Andamanani Premarani,Premikudu (Original Motion Picture Soundtrack),A.R. Rahman,https://open.spotify.com/track/6iAxFoK0DGQnAXfT3XUiog
Vurike Chilakaa - Bombay / Soundtrack Version,Bombay,Various Artists,https://open.spotify.com/track/5yGdf9A3Hjn7oSMIE6Lx9Y
Yemi Cheyamanduve,Priyuraalu Pilichindi (Original Motion Picture Soundtrack),A.R. Rahman,https://open.spotify.com/track/0bMyZZLNhFJNDcSKvhhHwB
Palike Gorinka,Priyuraalu Pilichindi (Original Motion Picture Soundtrack),A.R. Rahman,https://open.spotify.com/track/14ht05dj1udpJDggdoeHI3
Kannanule - Bombay / Soundtrack Version,Bombay,Various Artists,https://open.spotify.com/track/5jyHsyGvIxawivb6enu5H3
Pedhavi Daatani,Thammudu,Ramana Gogula,https://open.spotify.com/track/6OlRtuNOOPFcXdBww7A3Sq
Kannullo Ne Roopame,Ninne Pelladatha,Sandeep Chowta,https://open.spotify.com/track/7jbNMW04ju92tfMsSwIJyi
Sundari Neeve,Dalapathi,Ilaiyaraaja,https://open.spotify.com/track/4uSdLJZ1Qoe1ckC5WGmipG
Hello Guru,Nirnayam,Ilaiyaraaja,https://open.spotify.com/track/3ncNP7wNX7J0iHTjkmVEsV
Mila Mila,Nirnayam,Ilaiyaraaja,https://open.spotify.com/track/63bGEMKULCYCMHWwgT2ER5
Manase Eduru Tirige,Premante Idera,Ramana Gogula,https://open.spotify.com/track/2gAl10gbmHiEjgaNQT6PYl
Naalo Unna Prema,Premante Idera,Ramana Gogula,https://open.spotify.com/track/29WICEf45hZLUJYcLx4py9
Vayasa Chusuko,Premante Idera,Ramana Gogula,https://open.spotify.com/track/3ED2BFRpLVhL0MBA709emX
Poovullo Daagunna,Jeans,A.R. Rahman,https://open.spotify.com/track/4M8dRVFWKMfh7hPzGCYxra
"Jaamurathiri (From ""Kshana Kshanam"")",Sangeethotsavam - Best Telugu Duets Of Spb & Chitra Vol-2,S. P. Balasubrahmanyam,https://open.spotify.com/track/39isdLCkPmb2G08Ltq1OEb
Ye Chilipi,Gharshanaa,Harris Jayaraj,https://open.spotify.com/track/3LYt0b1ljHUYoG5YL2WwWP
Nuvvu Nuvvu,Khadgam,Devi Sri Prasad,https://open.spotify.com/track/2jRAFRpeDnibcHvtDgWRhG
Edhuta Nilichindhi,Vaana,Kamalakar,https://open.spotify.com/track/7t7FpQkhNuPal6ucwIodn0
Evare,Premam,Rajesh Murugesan,https://open.spotify.com/track/1NXSmIEOulY9u4TxwuSUoe
Emaindhi Eevela,Aadavari Matalaku Ardhalu Veruley,Yuvan Shankar Raja,https://open.spotify.com/track/3E8mVTnCMmXJNq6Pbcfkp7
Manasuna Edho Raagam,Yentha Vaadu Gaanie (Original Motion Picture Soundtrack),Harris Jayaraj,https://open.spotify.com/track/5RJLNH6xaT1BI7xYtC4RQQ
Snehithudaa,Sakhi,A.R. Rahman,https://open.spotify.com/track/0b7HiR0vRs2gUbwZeJjfN3
Nanne Nanne,Gharshanaa,Harris Jayaraj,https://open.spotify.com/track/7JuDPCI0HLBEB5SFHr12ke
Neeti Mullai (Bit),Varsham,Devi Sri Prasad,https://open.spotify.com/track/29ffQxBUZLJdN3kiPndB9n
Inka Edho,Darling (Original Motion Picture Soundtrack),G. V. Prakash,https://open.spotify.com/track/0WM0NpFIZg6JhgneUyU5tl
